<?xml version="1.0" encoding="UTF-8"?>
<beans xmlns="http://www.springframework.org/schema/beans"
 xmlns:xsi="http://www.w3.org/2001/XMLSchema-instance"
 xmlns:context="http://www.springframework.org./schema/context"
 xmlns:p="http://www.springframework.org./schema/p"
 xsi:schemaLocation="http://www.springframework.org/schema/beans
 https://www.springframework.org/schema/beans/spring-beans.xsd
 http://www.springframework.org./schema/context
 http://www.springframework.org./schema/context/spring-context.xsd"
>


 		<bean class="com.mvc.ReferenceInjection.Object2" name="Object2">
 			<property name="no" value="5000" />
 		</bean>
 		
 		<bean class="com.mvc.ReferenceInjection.Object1" name="Object1">
 			<property name="x" value="1005" />
 			<property name="ob">
 				<ref bean="Object2" />
 			</property>
 		</bean>
 		
 	
 		

</beans>
 
 
