<?xml version="1.0" encoding="UTF-8"?>
<beans xmlns="http://www.springframework.org/schema/beans"
 xmlns:xsi="http://www.w3.org/2001/XMLSchema-instance"
 xmlns:context="http://www.springframework.org./schema/context"
 xmlns:p="http://www.springframework.org./schema/p"
 xsi:schemaLocation="http://www.springframework.org/schema/beans
 https://www.springframework.org/schema/beans/spring-beans.xsd
 http://www.springframework.org./schema/context
 http://www.springframework.org./schema/context/spring-context.xsd"
>


 		<bean name="employee1" class="com.mvc.collection.Employee"> 
 			<property name="EmployeeName" value="Rakesh" />
 			<property name="phones" >
 				<list>
 					<value>7963684798</value>
 					<value>1363684798</value>
 					<value>2463684798</value>
 				</list>
 			</property>
 			
 			<property name="addresses" >
 				<set>
 					<value>Street</value>
 					<value>Route</value>
 					<value>Wood</value>
 				</set>
 			</property>
 			
 			<property name="courses" >
 				<map>
 					<entry key="BTECH" value="NIT" />
 					<entry key="MBA" value="NIMS" />
 					<entry key="PHD" value="DU" />
 				</map>
 			</property>
 			
 			<property name="props" >
 				<props>
 						<prop key="Role">Developer</prop>
 						<prop key="technology">Java and JavaScript</prop>
 				</props>
 			</property>
 		
 		</bean>
 		

</beans>
 
 
